path,size_bytes,sha256
data/redfox_job13/approved_vehicle_pool_v1.json,4781,d51951f1e5ca7c2ac737ceb56497b8b6faaa730ad78ed197d43b367da4ad0acd
lua/ge/extensions/redfoxJob13Auction.lua,49486,a2cd9425e446453a03e95ab7b0ada4cbe5832fecc5527347bb42e4253f9fc5ab
lua/ge/extensions/redfoxJob13AuctionSettings.lua,14289,da1ced44d96de28db71c26e3120f0ed22c002ab4e053c0a3b7d5f6bb0b5593a8
mod_info/RedFoxJOB13/RUNTIME_NOTE.txt,632,84105a78967a8dd32478e83c9a120d0e9d2c51dd45f6d27208ed39361c4e456a
mod_info/RedFoxJOB13/icon.jpg,62477,b1d94a314eb96a71fb38cb61c7d09d0ec95655d8f7efac5b7e0585ab33da1e1f
mod_info/RedFoxJOB13/info.json,542,4c70f84c22adff6ccbcda14256f16e01c6bde090d70f8949beb7f8c5878f677b
scripts/redfox_job13_online_auctions/modScript.lua,304,9a9e5d517d92c2bc9d670ef892b1183db1c364418f8753e9f587709f343012a7
sites/foxnet_auctions/index.html,914,3378d8a194f8b0e1fafe7b101d8c6164d28fab14d68313ae16960dc8179c8b57
sites/foxnet_auctions/index_v015.html,924,75c65864fcac19891f0e3b371ce47346787d2141db49608f9963014f926a9fca
ui/modModules/redfoxCareerWeb/sites/foxnet_auctions/index.html,974,b03e30330c77324336f9b250298590947d46b6b76adc1d5b3ede79520e89cf81
ui/modModules/redfoxCareerWeb/sites/foxnet_auctions/index_v015.html,984,a6391abc5d47230be11731a66f97b745a667e55ab0a751435f54f48ab69d13bc
ui/modules/apps/redfoxJob13Auctions_v015/app.css,174,445e482731980f04b95b06cd7f1e8456d2ef9ec3cb5f8d89002e5ef0a0f171c8
ui/modules/apps/redfoxJob13Auctions_v015/app.html,270,96fd92888477ac3829ddad65d3c2b827578bab46fcfd8b13126fde18991d44df
ui/modules/apps/redfoxJob13Auctions_v015/app.js,2726,870ad259e25e94a061e7e9101fc03d12d76818b505a82d430e8499495d254322
ui/modules/apps/redfoxJob13Auctions_v015/app.json,712,bc0e0c464eba0e4638c54582753e18253e1362e57faa351995e7b58da1c0b04a
ui/modules/apps/redfoxJob13Auctions_v015/images/SlopGearCanyonCovet.jpg,16048,481903f119faacd4afc4fe81903d5b1c0f4a5aa801475c3b3c74d0306e553864
ui/modules/apps/redfoxJob13Auctions_v015/images/SlopGearD10.jpg,14237,4593a32588dfed419a8c0a2671b08e102e2a81adfb3a6bb3a652d8809bff63df
ui/modules/apps/redfoxJob13Auctions_v015/images/SlopGearDragVan.jpg,16211,eb91c8266faf0a222d0720ff45731f514d05f73a09578ed8e1ab38db9ff8becb
ui/modules/apps/redfoxJob13Auctions_v015/images/SlopGearDriftMissile.jpg,18306,55b5b8d16669d73a502c792867b502d145668a62f11deeb63f4542ff6ff7e576
ui/modules/apps/redfoxJob13Auctions_v015/images/SlopGearDuallyVan.jpg,23112,b7318fd41098f6ef6fa819289798f39cbc1590cdd6ac037a7710b0f1d19fb194
ui/modules/apps/redfoxJob13Auctions_v015/images/SlopGearHalfOff.jpg,13715,6086525dd3dea8c4333734e6b55baecce9190217995066ceefff4e472067296d
ui/modules/apps/redfoxJob13Auctions_v015/images/SlopGearLeGriswald.jpg,14420,ebb4dd16ecad9fbf5a59d68a3b5a028be9d0b85f276cb04c00e07358636efab5
ui/modules/apps/redfoxJob13Auctions_v015/images/SlopGearMaxLuxo.jpg,14329,504798a336a9199d6b5396faa57e1d85bb221d80f72f535c441b9b4efd3a855b
ui/modules/apps/redfoxJob13Auctions_v015/images/SlopGearMaximaEnergy.jpg,13179,8c51e4f6a4f957f3f4cb368c8482549ace8e0281f6fd480363e449429d3711df
ui/modules/apps/redfoxJob13Auctions_v015/images/SlopGearOverlander.jpg,17118,8a5fccad858bf1223ede2665b9723bab2dce0bc9462ca651d3d510ef60591132
ui/modules/apps/redfoxJob13Auctions_v015/images/SlopGearPartsBin.jpg,20224,19c6f29434b807cc23584abe4cff92a3d22011d59aad794f8dce4c9f2b407718
ui/modules/apps/redfoxJob13Auctions_v015/images/SlopGearPrizm.jpg,13828,0845b8162730fc5747dc13fc2445b32472e0fd3ba4981471a1c2fc98da173514
ui/modules/apps/redfoxJob13Auctions_v015/images/SlopGearProjectPat.jpg,14146,52391f637587dd433cbd1249ab81ab1eca1ebb30918c377014edf2ec08d85f8c
ui/modules/apps/redfoxJob13Auctions_v015/images/SlopGearRallyRipper.jpg,14873,c1bb0e6bd2c158d79369040fa40673577b5ab974ed7ee377fefdb1f9385f1eed
ui/modules/apps/redfoxJob13Auctions_v015/images/SlopGearRustyRipper.jpg,15139,1d8e5b725759a51bad5f4d7db1849301b38a951f191910c21609d34d9a691174
ui/modules/apps/redfoxJob13Auctions_v015/images/SlopGearScrubby.jpg,13149,222f7dc9054d9a0f7425528bda2b84387fea198aaad931a100bc641bd870b7cd
ui/modules/apps/redfoxJob13Auctions_v015/images/SlopGearSlab.jpg,14481,6755df13da37fd17c62205b81b6d26df6d84205718972a0d02332d1db101fa8e
ui/modules/apps/redfoxJob13Auctions_v015/images/SlopGearSlopBug.jpg,19332,315da04de4ba1f3ff1c6d0916bdc32e1134a7f083e4f0f8a3ca4ded380776d05
ui/modules/apps/redfoxJob13Auctions_v015/images/SlopGearSlowburst.jpg,14721,4e7b1938fec5d93a68952bc7d7b2065f94546d7a4dc05046b25befc5ee3a30fa
ui/modules/apps/redfoxJob13Auctions_v015/images/SlopGearSquattyPotty.jpg,16168,437c2e3682bb5f760e339d441427fbc0db09c0deb9265ea072703d4505bcd90c
ui/modules/apps/redfoxJob13Auctions_v015/images/SlopGearXJish.jpg,17506,a45226edabbf28e9e4e787cc2f839550f28bb049ef9bf7b0b30b53c4e4d74f43
ui/modules/apps/redfoxJob13Auctions_v015/site/app.css,8039,275cb5f48a7ad76bb6689470493c2d699c520151a0fb4c24d21e5fdda57fc240
ui/modules/apps/redfoxJob13Auctions_v015/site/app.js,16802,6d49be905254450e7132683ba84f073e11a7152789e85fc8c2ec2a8ded2ec9b7
ui/modules/apps/redfoxJob13Auctions_v015/site/index.html,4819,60cd1e20352f19c7d0146bfebdbfad287bf7883076cf1126262676b45a17df9a
