path,bytes,sha256
data/redfox_job13/approved_vehicle_pool_v2.json,1204,8c5f066017166a5ff15c68bc4bf348d716fb915e8771a27c41c24f313cb47755
lua/ge/extensions/redfoxJob13Auction.lua,78959,82eeda684a03eb16b21e3811754f0147994adfbf3c53cb606cc9b256e4d0ff38
lua/ge/extensions/redfoxJob13AuctionSettings.lua,16368,8d88754badff4f4580a8bb8142d9b59e8b67ecc84bc77129966ab79d4e88cf01
mod_info/RedFoxJOB13/RUNTIME_NOTE.txt,2950,8734253eda6fb1244c39c9fa9a2ece734b9c69867fb2eb296400529b2aa33f71
mod_info/RedFoxJOB13/icon.jpg,62477,b1d94a314eb96a71fb38cb61c7d09d0ec95655d8f7efac5b7e0585ab33da1e1f
mod_info/RedFoxJOB13/info.json,690,71c327f4c2a06b977cbce4616e90e76716b4afbedcb7c63d1c39bfb64a054555
scripts/redfox_job13_online_auctions/modScript.lua,319,9bc4b816c9b34b813c34461bd6f22b5ed9b86e605e4a3a3a748495800f8024a2
sites/foxnet_auctions/index.html,6222,6ff12764a25ad47dd34d5ab6da42886d9582a41a503d68360ea4a775e8712e04
sites/foxnet_auctions/index_v016.html,97,c5f7366bdeb50db7491979f981873186e9b4744d5e6c05c91977328a0ea45d44
sites/foxnet_auctions/index_v017.html,6222,6ff12764a25ad47dd34d5ab6da42886d9582a41a503d68360ea4a775e8712e04
sites/foxnet_auctions/index_v0171.html,6222,6ff12764a25ad47dd34d5ab6da42886d9582a41a503d68360ea4a775e8712e04
ui/modModules/redfoxCareerWeb/sites/foxnet_auctions/index.html,6222,6ff12764a25ad47dd34d5ab6da42886d9582a41a503d68360ea4a775e8712e04
ui/modModules/redfoxCareerWeb/sites/foxnet_auctions/index_v016.html,97,c5f7366bdeb50db7491979f981873186e9b4744d5e6c05c91977328a0ea45d44
ui/modModules/redfoxCareerWeb/sites/foxnet_auctions/index_v017.html,6222,6ff12764a25ad47dd34d5ab6da42886d9582a41a503d68360ea4a775e8712e04
ui/modModules/redfoxCareerWeb/sites/foxnet_auctions/index_v0171.html,6222,6ff12764a25ad47dd34d5ab6da42886d9582a41a503d68360ea4a775e8712e04
ui/modules/apps/redfoxJob13Auctions_v017/app.css,174,445e482731980f04b95b06cd7f1e8456d2ef9ec3cb5f8d89002e5ef0a0f171c8
ui/modules/apps/redfoxJob13Auctions_v017/app.html,272,c177677750cdda32126d2ac78f809be0ddec672d2b3914c0c234526cf0e1fd4c
ui/modules/apps/redfoxJob13Auctions_v017/app.js,2726,e83ac0c9262b1e1346b358e28ccec71c01878401183d62b90640cd9240584e68
ui/modules/apps/redfoxJob13Auctions_v017/app.json,742,87807aea16f34e6e6a7ac6e1500f271bf048954502373b5e73b9ae0f9bd4dad1
ui/modules/apps/redfoxJob13Auctions_v017/images/SlopGearCanyonCovet.jpg,16048,481903f119faacd4afc4fe81903d5b1c0f4a5aa801475c3b3c74d0306e553864
ui/modules/apps/redfoxJob13Auctions_v017/images/SlopGearSlab.jpg,14481,6755df13da37fd17c62205b81b6d26df6d84205718972a0d02332d1db101fa8e
ui/modules/apps/redfoxJob13Auctions_v017/images/SlopGearXJish.jpg,17506,a45226edabbf28e9e4e787cc2f839550f28bb049ef9bf7b0b30b53c4e4d74f43
ui/modules/apps/redfoxJob13Auctions_v017/site/app.css,10112,b5229a72db6c4ee6b6336d0b572c298b11231e4addccdb74367d96cce9b95fe0
ui/modules/apps/redfoxJob13Auctions_v017/site/app.js,24068,3789667a0fb2d90ef49ba1e1d603b8445c889068d1c880490a8ac5b4cd659f21
ui/modules/apps/redfoxJob13Auctions_v017/site/index.html,6128,3395f41586650d5e31f082b4788d378e3d8fe0f7d954d91b61b1ab0c53483439
